stress,temperature,o1,o2,o3,o4
0.8125,0.8,1.206,56.083,0.11495,7.5347
0.75,0.8,0.67323,30.059,0.074438,12.461
0.35,0.9,0.66497,89.966,0.073537,11.9
0.325,0.9,0.32368,52.363,0.053419,16.834
0.15,1,0.034026,1.60E-13,0.055171,16.699
0.1375,1,0.040872,3.8806,0.038576,24.06
