cp_tau_s,cp_b,cp_tau_0,cp_n,cp_gamma_0
586.6654420384517,18.101084879564972,29.93931788926969,18.974293811784232,3.25e-05
448.0029202089398,13.594454827689692,200.0476072613077,9.713066477750276,3.25e-05
33.13275215944228,11.63654469480612,489.82487507032664,12.301626386600878,3.25e-05
884.7897355953027,8.096580531166591,394.70028524132044,4.068445205122447,3.25e-05
1035.2186411053758,4.530481351698835,155.19743361737181,7.438625897502386,3.25e-05
1965.8310714899535,6.469940181783652,308.3755434960459,14.762994010409548,3.25e-05
1648.559478284148,1.8706306944962767,365.95965513195324,2.395334282330926,3.25e-05
1373.5262730293468,16.872106952468286,101.30150638690542,15.306307581197302,3.25e-05
